{
  "accuracy": 0.999,
  "halt_f1": 0.9828216068490476,
  "probe_acc": 1.0,
  "mean_r": -0.12254337506152703,
  "median_r": -0.03388242796063423,
  "std_r": 0.23133775620728675,
  "frac_significant": 0.16055625790139064,
  "tau_threshold_mean": -2.443742098609355,
  "tau_threshold_median": -3.0,
  "tau_derivative_mean": -0.9355246523388117,
  "tau_derivative_median": -1.0,
  "n_examples": 791,
  "alpha": 0.0,
  "beta": 0.1
}