{
  "n_examples": 791,
  "instantaneous": {
    "mean_r": -0.8359524421535159,
    "median_r": -0.8427139520645142,
    "std_r": 0.058099401995461174,
    "fraction_negative": 1.0,
    "fraction_significant": 1.0,
    "n_valid": 791
  },
  "threshold_lag": {
    "mean": -2.031605562579014,
    "median": -2.0,
    "std": 0.9286899687585324
  },
  "raw_xcorr": {
    "lags": [
      -5,
      -4,
      -3,
      -2,
      -1,
      0,
      1,
      2,
      3,
      4,
      5
    ],
    "mean": [
      0.035692243454383925,
      0.023976539751216323,
      0.051738703831537704,
      -0.4654542059459819,
      -0.7251514578815055,
      -0.8359524443387684,
      -0.42135409344877817,
      -0.16012308526638183,
      0.018123653557543924,
      0.025119439419178678,
      0.029626012301964467
    ],
    "std": [
      0.05624162268217068,
      0.062177153918892246,
      0.06804530651233759,
      0.06068297808547624,
      0.08129029810081378,
      0.05809938305017356,
      0.03961981010854212,
      0.04928382047158027,
      0.023553960853847998,
      0.029949665375066388,
      0.0358848467949779
    ],
    "peak_lag": 0,
    "peak_val": -0.8359524443387684
  },
  "deriv_xcorr": {
    "lags": [
      -5,
      -4,
      -3,
      -2,
      -1,
      0,
      1,
      2,
      3,
      4,
      5
    ],
    "mean": [
      0.0007503821131009161,
      -0.010124799449753408,
      -0.016328979206304436,
      0.578408319109229,
      -0.0669756785891176,
      0.431418331495372,
      0.011107338705513975,
      -0.2128940007496889,
      -0.008659874660362289,
      -0.009058010137451064,
      -0.014214454918856086
    ],
    "std": [
      0.07213647351844177,
      0.066990742675924,
      0.06976105176103767,
      0.1239506347759277,
      0.12866050326517794,
      0.1645043868812099,
      0.05764961213392938,
      0.12786926786221628,
      0.014167564944422928,
      0.01116647614666782,
      0.015259644997366624
    ],
    "peak_lag": -2,
    "peak_val": 0.578408319109229
  }
}