{
  "accuracy": 1.0,
  "halt_f1": 0.9877384005268984,
  "probe_acc": 0.9962073324905183,
  "mean_r": -0.5899511576452388,
  "median_r": -0.5837666392326355,
  "std_r": 0.09354146962656944,
  "frac_significant": 1.0,
  "tau_threshold_mean": -2.0037926675094817,
  "tau_threshold_median": -2.0,
  "tau_derivative_mean": -1.9835651074589127,
  "tau_derivative_median": -2.0,
  "gradient_disparity": {
    "mean": 1.161820480404551,
    "median": 2.0,
    "std": 0.9887400060840674,
    "frac_anticipatory": 0.0,
    "frac_simultaneous": 0.41845764854614415,
    "mean_collapse_strength": 0.85805276974414,
    "mean_rise_strength": 0.525334235200689,
    "mean_magnitude_ratio": 0.6247711219093818,
    "n": 791
  },
  "n_examples": 791,
  "alpha": 0.05,
  "beta": 0.15
}