{
  "grid": {
    "a0p01_b0p05": {
      "alpha": 0.01,
      "beta": 0.05,
      "accuracy": 1.0,
      "halt_f1": 0.9884170967018174,
      "probe_acc": 1.0,
      "mean_r": -0.7891355159159105,
      "median_r": -0.7872588634490967,
      "std_r": 0.030603041258701884,
      "frac_significant": 1.0,
      "tau_threshold_mean": -2.063211125158028,
      "tau_threshold_median": -2.0,
      "tau_derivative_mean": -0.029077117572692796,
      "tau_derivative_median": 0.0,
      "gradient_disparity": {
        "mean": 1.222503160556258,
        "median": 2.0,
        "std": 0.9729849310410693,
        "frac_anticipatory": 0.0,
        "frac_simultaneous": 0.3868520859671302,
        "mean_collapse_strength": 0.5477190240746653,
        "mean_rise_strength": 0.5443774394304803,
        "mean_magnitude_ratio": 1.003814225073514,
        "n": 791
      },
      "n_examples": 791
    },
    "a0p01_b0p07": {
      "alpha": 0.01,
      "beta": 0.07,
      "accuracy": 0.999,
      "halt_f1": 0.9860798276416849,
      "probe_acc": 1.0,
      "mean_r": 0.12321174661939441,
      "median_r": 0.1308080404996872,
      "std_r": 0.0830567471863616,
      "frac_significant": 0.007585335018963337,
      "tau_threshold_mean": -2.0543615676359037,
      "tau_threshold_median": -2.0,
      "tau_derivative_mean": -2.689001264222503,
      "tau_derivative_median": -3.0,
      "gradient_disparity": {
        "mean": 1.1946902654867257,
        "median": 2.0,
        "std": 1.4831620043403528,
        "frac_anticipatory": 0.0,
        "frac_simultaneous": 0.46270543615676357,
        "mean_collapse_strength": 0.29397850874552384,
        "mean_rise_strength": 0.5179152260387291,
        "mean_magnitude_ratio": 1.8289956351132435,
        "n": 791
      },
      "n_examples": 791
    },
    "a0p01_b0p10": {
      "alpha": 0.01,
      "beta": 0.1,
      "accuracy": 0.998,
      "halt_f1": 0.987212706060309,
      "probe_acc": 1.0,
      "mean_r": -0.4750582540381874,
      "median_r": -0.48050573468208313,
      "std_r": 0.051947928656888326,
      "frac_significant": 0.9873577749683944,
      "tau_threshold_mean": -2.031605562579014,
      "tau_threshold_median": -2.0,
      "tau_derivative_mean": -1.9759797724399495,
      "tau_derivative_median": -2.0,
      "gradient_disparity": {
        "mean": 1.1036662452591657,
        "median": 2.0,
        "std": 1.0015786325239935,
        "frac_anticipatory": 0.0012642225031605564,
        "frac_simultaneous": 0.44374209860935526,
        "mean_collapse_strength": 0.6527281657482972,
        "mean_rise_strength": 0.5237383776910688,
        "mean_magnitude_ratio": 0.8375993155211392,
        "n": 791
      },
      "n_examples": 791
    },
    "a0p01_b0p15": {
      "alpha": 0.01,
      "beta": 0.15,
      "accuracy": 0.999,
      "halt_f1": 0.9818085580566079,
      "probe_acc": 0.9936788874841972,
      "mean_r": 0.06504060634939934,
      "median_r": 0.06058143079280853,
      "std_r": 0.09401211824927076,
      "frac_significant": 0.02654867256637168,
      "tau_threshold_mean": -2.5284450063211126,
      "tau_threshold_median": -3.0,
      "tau_derivative_mean": -2.721871049304678,
      "tau_derivative_median": -2.0,
      "gradient_disparity": {
        "mean": 6.998735777496839,
        "median": 0.0,
        "std": 10.850611775313912,
        "frac_anticipatory": 0.0,
        "frac_simultaneous": 0.5372945638432364,
        "mean_collapse_strength": 0.3108276069993165,
        "mean_rise_strength": 0.5314193866421691,
        "mean_magnitude_ratio": 1.7652508182337434,
        "n": 791
      },
      "n_examples": 791
    },
    "a0p02_b0p05": {
      "alpha": 0.02,
      "beta": 0.05,
      "accuracy": 0.998,
      "halt_f1": 0.9877799265674485,
      "probe_acc": 1.0,
      "mean_r": -0.7010004074323343,
      "median_r": -0.7038689851760864,
      "std_r": 0.044400783155964435,
      "frac_significant": 1.0,
      "tau_threshold_mean": -1.9810366624525917,
      "tau_threshold_median": -2.0,
      "tau_derivative_mean": -1.9254108723135273,
      "tau_derivative_median": -2.0,
      "gradient_disparity": {
        "mean": 1.1415929203539823,
        "median": 2.0,
        "std": 0.986727081005598,
        "frac_anticipatory": 0.0,
        "frac_simultaneous": 0.42604298356510745,
        "mean_collapse_strength": 0.6614105267410182,
        "mean_rise_strength": 0.5339073680068087,
        "mean_magnitude_ratio": 0.8565562794612464,
        "n": 791
      },
      "n_examples": 791
    },
    "a0p02_b0p07": {
      "alpha": 0.02,
      "beta": 0.07,
      "accuracy": 1.0,
      "halt_f1": 0.9831231867886633,
      "probe_acc": 0.9987357774968394,
      "mean_r": 0.559682810945759,
      "median_r": 0.5848156809806824,
      "std_r": 0.11727053165882051,
      "frac_significant": 0.965865992414665,
      "tau_threshold_mean": -2.350189633375474,
      "tau_threshold_median": -2.0,
      "tau_derivative_mean": -3.262958280657396,
      "tau_derivative_median": -4.0,
      "gradient_disparity": {
        "mean": 13.120101137800253,
        "median": 10.0,
        "std": 10.423133271518667,
        "frac_anticipatory": 0.0012642225031605564,
        "frac_simultaneous": 0.02402022756005057,
        "mean_collapse_strength": 0.16760719922640832,
        "mean_rise_strength": 0.5186507695845497,
        "mean_magnitude_ratio": 3.257455335002397,
        "n": 791
      },
      "n_examples": 791
    },
    "a0p02_b0p10": {
      "alpha": 0.02,
      "beta": 0.1,
      "accuracy": 0.999,
      "halt_f1": 0.9906815274986297,
      "probe_acc": 0.9987357774968394,
      "mean_r": -0.48551946546877683,
      "median_r": -0.4774194359779358,
      "std_r": 0.06635513059915411,
      "frac_significant": 1.0,
      "tau_threshold_mean": -1.7193426042983566,
      "tau_threshold_median": -1.0,
      "tau_derivative_mean": -1.7825537294563842,
      "tau_derivative_median": -2.0,
      "gradient_disparity": {
        "mean": 25.81289506953224,
        "median": 27.0,
        "std": 15.634587919295573,
        "frac_anticipatory": 0.0,
        "frac_simultaneous": 0.040455120101137804,
        "mean_collapse_strength": 0.6102275182263438,
        "mean_rise_strength": 0.5171782163768893,
        "mean_magnitude_ratio": 0.8554596564727791,
        "n": 791
      },
      "n_examples": 791
    },
    "a0p02_b0p15": {
      "alpha": 0.02,
      "beta": 0.15,
      "accuracy": 1.0,
      "halt_f1": 0.9830957627827833,
      "probe_acc": 1.0,
      "mean_r": -0.2576658999107015,
      "median_r": -0.259512335062027,
      "std_r": 0.0662179652770471,
      "frac_significant": 0.24652338811630847,
      "tau_threshold_mean": -2.395701643489254,
      "tau_threshold_median": -3.0,
      "tau_derivative_mean": -2.586599241466498,
      "tau_derivative_median": -2.0,
      "gradient_disparity": {
        "mean": 0.8154235145385588,
        "median": 0.0,
        "std": 1.164721543756839,
        "frac_anticipatory": 0.0,
        "frac_simultaneous": 0.606826801517067,
        "mean_collapse_strength": 0.28618412855753556,
        "mean_rise_strength": 0.5189861765251449,
        "mean_magnitude_ratio": 1.8658406052049814,
        "n": 791
      },
      "n_examples": 791
    },
    "a0p03_b0p05": {
      "alpha": 0.03,
      "beta": 0.05,
      "accuracy": 0.999,
      "halt_f1": 0.9844550901548904,
      "probe_acc": 1.0,
      "mean_r": -0.7378416772738721,
      "median_r": -0.7428160309791565,
      "std_r": 0.0547585547232783,
      "frac_significant": 1.0,
      "tau_threshold_mean": -2.3805309734513274,
      "tau_threshold_median": -3.0,
      "tau_derivative_mean": -1.9696586599241466,
      "tau_derivative_median": -2.0,
      "gradient_disparity": {
        "mean": 0.8230088495575221,
        "median": 0.0,
        "std": 0.9848544842605982,
        "frac_anticipatory": 0.0012642225031605564,
        "frac_simultaneous": 0.5853350189633375,
        "mean_collapse_strength": 0.6931493647029217,