{
  "label": "E_sort",
  "accuracy_first": 1.0,
  "accuracy_full": 0.997,
  "mean_r": -0.4504114191830158,
  "frac_negative": 1.0,
  "frac_significant": 0.929,
  "tau_threshold": -2.425,
  "tau_drv": -2,
  "n_examples": 1000,
  "tier_metrics": {
    "0": {
      "mean_r": -0.5287159326464631,
      "tau_drv": -2,
      "n": 215
    },
    "1": {
      "mean_r": -0.4520445704630768,
      "tau_drv": -2,
      "n": 524
    },
    "2": {
      "mean_r": -0.3826288840665671,
      "tau_drv": -2,
      "n": 261
    }
  }
}