{
  "label": "fewshot500",
  "accuracy_first": 0.983,
  "accuracy_full": 0.699,
  "mean_r": -0.6230823569893837,
  "frac_negative": 1.0,
  "frac_significant": 0.998,
  "tau_threshold": -1.844,
  "tau_drv": -2,
  "n_examples": 1000,
  "tier_metrics": {
    "0": {
      "mean_r": -0.6375421246816946,
      "tau_drv": -2,
      "n": 215
    },
    "1": {
      "mean_r": -0.6461136583949774,
      "tau_drv": -2,
      "n": 524
    },
    "2": {
      "mean_r": -0.5649319662216523,
      "tau_drv": 0,
      "n": 261
    }
  },
  "n_train": 500
}