{
  "accuracy": 0.998,
  "halt_f1": 0.9891106059330358,
  "probe_acc": 1.0,
  "mean_r": -0.3415490563796402,
  "median_r": -0.3645183742046356,
  "std_r": 0.0966398963557116,
  "frac_significant": 0.7383059418457648,
  "tau_threshold_mean": -1.7269279393173198,
  "tau_threshold_median": -1.0,
  "tau_derivative_mean": -2.0063211125158027,
  "tau_derivative_median": -2.0,
  "gradient_disparity": {
    "mean": 1.5120101137800253,
    "median": 2.0,
    "std": 1.403281283800702,
    "frac_anticipatory": 0.0,
    "frac_simultaneous": 0.31605562579013907,
    "mean_collapse_strength": 0.30756662738910967,
    "mean_rise_strength": 0.5280876131787161,
    "mean_magnitude_ratio": 1.7718462457790742,
    "n": 791
  },
  "n_examples": 791,
  "alpha": 0.05,
  "beta": 0.05
}