{
  "label": "C_sort",
  "accuracy_first": 1.0,
  "accuracy_full": 0.999,
  "mean_r": 0.3169520892240107,
  "frac_negative": 0.01,
  "frac_significant": 0.576,
  "tau_threshold": -58.938,
  "tau_drv": -4,
  "n_examples": 1000,
  "tier_metrics": {
    "0": {
      "mean_r": 0.428835181683995,
      "tau_drv": -4,
      "n": 215
    },
    "1": {
      "mean_r": 0.32168060619355615,
      "tau_drv": -4,
      "n": 524
    },
    "2": {
      "mean_r": 0.21529458818593245,
      "tau_drv": 2,
      "n": 261
    }
  }
}