{
  "C": {
    "n_examples": 791,
    "instantaneous": {
      "mean_r": -0.28961539758262184,
      "median_r": -0.2808118462562561,
      "std_r": 0.149835737760186,
      "fraction_negative": 0.9860935524652339,
      "fraction_significant": 0.4664981036662453,
      "n_valid": 791
    },
    "threshold_lag": {
      "mean": 0.0,
      "median": 0.0,
      "std": 0.0
    },
    "raw_xcorr": {
      "lags": [
        -5,
        -4,
        -3,
        -2,
        -1,
        0,
        1,
        2,
        3,
        4,
        5
      ],
      "mean": [
        -0.2837289443296085,
        -0.4417461347271713,
        -0.5148497180196112,
        -0.480676510989853,
        -0.35781508026463266,
        -0.2896154004635699,
        -0.3239076390777692,
        -0.30060994025677745,
        -0.2507622188096101,
        -0.12901326237828029,
        0.05562117478416411
      ],
      "std": [
        0.20668636400484683,
        0.2242816058943495,
        0.18077655008401047,
        0.14405022809307505,
        0.13926452795265834,
        0.14983574158004384,
        0.10487408311972247,
        0.11283987706811675,
        0.11047395564883589,
        0.16347591236204775,
        0.16468248690641402
      ],
      "peak_lag": -3,
      "peak_val": -0.5148497180196112
    },
    "deriv_xcorr": {
      "lags": [
        -5,
        -4,
        -3,
        -2,
        -1,
        0,
        1,
        2,
        3,
        4,
        5
      ],
      "mean": [
        0.08508218902876233,
        0.11567289553707473,
        0.1120926839010007,
        0.04506953201778722,
        -0.17919816206475453,
        -0.22565061996690045,
        0.010431795127427278,
        0.17698671977423067,
        0.020408607076034632,
        0.09553115534026284,
        0.004400920892947469
      ],
      "std": [
        0.2528005700411762,
        0.26301978062421016,
        0.23652658611322108,
        0.23291179926612685,
        0.12592406387141847,
        0.20544253187520992,
        0.12173512680367932,
        0.1727929464641309,
        0.07554698741551034,
        0.09834785292903421,
        0.08145956083204069
      ],
      "peak_lag": 2,
      "peak_val": 0.17698671977423067
    }
  },
  "D": {
    "n_examples": 791,
    "instantaneous": {
      "mean_r": -0.7253672851322575,
      "median_r": -0.731369137763977,
      "std_r": 0.05001887429880826,
      "fraction_negative": 1.0,
      "fraction_significant": 1.0,
      "n_valid": 791
    },
    "threshold_lag": {
      "mean": -1.4487989886219974,
      "median": -1.0,
      "std": 0.5504582151016861
    },
    "raw_xcorr": {
      "lags": [
        -5,
        -4,
        -3,
        -2,
        -1,
        0,
        1,
        2,
        3,
        4,
        5
      ],
      "mean": [
        0.1700962805548299,
        0.1704019831449933,
        0.1794858189598762,
        -0.26315217792096535,
        -0.5388487334688125,
        -0.7253673032171054,
        -0.38480986890238245,
        -0.18340932285853492,
        -0.06821248180429568,
        -0.057963852197233254,
        -0.051747181187896
      ],
      "std": [
        0.052717825254294394,
        0.06384819708134709,
        0.06572544538112056,
        0.11780761097481483,
        0.08427153455505355,
        0.05001888061552879,
        0.048884235551109385,
        0.036289935946593514,
        0.06507007663717927,
        0.08653365508014899,
        0.100131246054662
      ],
      "peak_lag": 0,
      "peak_val": -0.7253673032171054
    },
    "deriv_xcorr": {
      "lags": [
        -5,
        -4,
        -3,
        -2,
        -1,
        0,
        1,
        2,
        3,
        4,
        5
      ],
      "mean": [
        -0.036406222771394096,
        -0.03558707904666968,
        -0.026747097775111077,
        0.4889252513111952,
        0.12485203150847521,
        0.39066739951162666,
        0.036035265969171,
        -0.004561447535772514,
        0.04407801232686297,
        0.023212862789499942,
        0.022847884698599913
      ],
      "std": [
        0.07328388491729723,
        0.08632464929650767,
        0.04207793304370006,
        0.19860804771472984,
        0.1491629615003271,
        0.10856636729611001,
        0.047554347738925154,
        0.047340689179015225,
        0.03376838319963608,
        0.04904701755904959,
        0.03180489421041361
      ],
      "peak_lag": -2,
      "peak_val": 0.4889252513111952
    }
  },
  "E_ssm": {
    "n_examples": 791,
    "instantaneous": {
      "mean_r": -0.8359524421535159,
      "median_r": -0.8427139520645142,
      "std_r": 0.058099401995461174,
      "fraction_negative": 1.0,
      "fraction_significant": 1.0,
      "n_valid": 791
    },
    "threshold_lag": {
      "mean": -2.031605562579014,
      "median": -2.0,
      "std": 0.9286899687585324
    },
    "raw_xcorr": {
      "lags": [
        -5,
        -4,
        -3,
        -2,
        -1,
        0,
        1,
        2,
        3,
        4,
        5
      ],
      "mean": [
        0.035692243454383925,
        0.023976539751216323,
        0.051738703831537704,
        -0.4654542059459819,
        -0.7251514578815055,
        -0.8359524443387684,
        -0.42135409344877817,
        -0.16012308526638183,
        0.018123653557543924,
        0.025119439419178678,
        0.029626012301964467
      ],
      "std": [
        0.05624162268217068,
        0.062177153918892246,
        0.06804530651233759,
        0.06068297808547624,
        0.08129029810081378,
        0.05809938305017356,
        0.03961981010854212,
        0.04928382047158027,
        0.023553960853847998,
        0.029949665375066388,
        0.0358848467949779
      ],
      "peak_lag": 0,
      "peak_val": -0.8359524443387684
    },
    "deriv_xcorr": {
      "lags": [
        -5,
        -4,
        -3,
        -2,
        -1,
        0,
        1,
        2,
        3,
        4,
        5
      ],
      "mean": [
        0.0007503821131009161,
        -0.010124799449753408,
        -0.016328979206304436,
        0.578408319109229,
        -0.0669756785891176,
        0.431418331495372,
        0.011107338705513975,
        -0.2128940007496889,
        -0.008659874660362289,
        -0.009058010137451064,
        -0.014214454918856086
      ],
      "std": [
        0.07213647351844177,
        0.066990742675924,
        0.06976105176103767,
        0.1239506347759277,
        0.12866050326517794,
        0.1645043868812099,
        0.05764961213392938,
        0.12786926786221628,
        0.014167564944422928,
        0.01116647614666782,
        0.015259644997366624
      ],
      "peak_lag": -2,
      "peak_val": 0.578408319109229
    }
  }
}