{
  "teacher_forced": {
    "accuracy": 0.967,
    "halt_f1": 0.9699961033900506
  },
  "tier_metrics": {
    "0": {
      "n": 319,
      "accuracy": 0.4263322884012539,
      "mean_reasoning_tokens": 32.626959247648905,
      "std_reasoning_tokens": 7.729479486761724,
      "median_reasoning_tokens": 36.0,
      "token_economy_eta": 0.013066871637202151,
      "mean_halt_time": 32.77115987460815,
      "std_halt_time": 7.748858682438093,
      "mean_effective_ops": 5.495297805642633,
      "convergence": {
        "false_convergence": 319
      },
      "stop_reasons": {
        "halt_confidence": 319
      }
    },
    "1": {
      "n": 342,
      "accuracy": 0.45614035087719296,
      "mean_reasoning_tokens": 22.30701754385965,
      "std_reasoning_tokens": 8.816313155433113,
      "median_reasoning_tokens": 24.0,
      "token_economy_eta": 0.020448289421942586,
      "mean_halt_time": 22.67543859649123,
      "std_halt_time": 8.907085963612829,
      "mean_effective_ops": 3.807017543859649,
      "convergence": {
        "false_convergence": 338,
        "true_convergence": 4
      },
      "stop_reasons": {
        "halt_confidence": 338,
        "halt_token": 4
      }
    },
    "2": {
      "n": 339,
      "accuracy": 0.6637168141592921,
      "mean_reasoning_tokens": 16.67551622418879,
      "std_reasoning_tokens": 10.784877808083062,
      "median_reasoning_tokens": 18.0,
      "token_economy_eta": 0.03980187511056077,
      "mean_halt_time": 16.74041297935103,
      "std_halt_time": 10.80658003721966,
      "mean_effective_ops": 2.8997050147492627,
      "convergence": {
        "false_convergence": 304,
        "true_convergence": 35
      },
      "stop_reasons": {
        "halt_confidence": 336,
        "halt_token": 3
      }
    }
  },
  "geodesic_purity": {
    "1": {
      "mean": 0.6686159844054581,
      "std": 0.44608189008519245,
      "n": 342
    },
    "2": {
      "mean": 0.8298918387413964,
      "std": 0.24049540826902968,
      "n": 339
    }
  },
  "overall_purity": 0.7488986784140969,
  "basin_analysis": {
    "convergence": {
      "label": "True Convergence",
      "n": 39,
      "accuracy": 0.8974358974358975,
      "mean_tokens": 0.0,
      "mean_entropy_at_halt": 3.2556122694260035,
      "mean_halt_conf_at_stop": 0.579903822678786,
      "mean_final_entropy": 3.1346836456885705,
      "entropy_variance_last5": 0.09105591603936838
    },
    "cycling": {
      "label": "State Cycling",
      "n": 961,
      "accuracy": 0.5015608740894901,
      "mean_tokens": 24.65140478668054,
      "mean_entropy_at_halt": 3.077551228198747,
      "mean_halt_conf_at_stop": 0.7368688119437766,
      "mean_final_entropy": 3.037209830844812,
      "entropy_variance_last5": 0.019144397551242733
    },
    "accuracy_gap": -0.39587502334640734,
    "interpretation": "USS_robust_convergence_advantage",
    "tier_breakdown": {
      "0": {
        "convergence": {
          "label": "T0 Converged",
          "n": 0,
          "accuracy": 0,
          "mean_tokens": 0,
          "mean_entropy_at_halt": 0,
          "mean_halt_conf_at_stop": 0,
          "mean_final_entropy": 0,
          "entropy_variance": 0
        },
        "cycling": {
          "label": "T0 Cycling",
          "n": 319,
          "accuracy": 0.4263322884012539,
          "mean_tokens": 32.626959247648905,
          "mean_entropy_at_halt": 3.084034918991376,
          "mean_halt_conf_at_stop": 0.7306418325460069,
          "mean_final_entropy": 3.0321703084210245,
          "entropy_variance_last5": 0.019428332621611036
        }
      },
      "1": {
        "convergence": {
          "label": "T1 Converged",
          "n": 4,
          "accuracy": 0.75,
          "mean_tokens": 0.0,
          "mean_entropy_at_halt": 3.310103118419647,
          "mean_halt_conf_at_stop": 0.6335215270519257,
          "mean_final_entropy": 3.219484865665436,
          "entropy_variance_last5": 0.03504015937941555
        },
        "cycling": {
          "label": "T1 Cycling",
          "n": 338,
          "accuracy": 0.4526627218934911,
          "mean_tokens": 22.571005917159763,
          "mean_entropy_at_halt": 3.065787881789123,
          "mean_halt_conf_at_stop": 0.7802349581168249,
          "mean_final_entropy": 3.034830636526706,
          "entropy_variance_last5": 0.02143018726820059
        }
      },
      "2": {
        "convergence": {
          "label": "T2 Converged",
          "n": 35,
          "accuracy": 0.9142857142857143,
          "mean_tokens": 0.0,
          "mean_entropy_at_halt": 3.24938474382673,
          "mean_halt_conf_at_stop": 0.5737760850361415,
          "mean_final_entropy": 3.1249920776912146,
          "entropy_variance_last5": 0.10972783492601934
        },
        "cycling": {
          "label": "T2 Cycling",
          "n": 304,
          "accuracy": 0.6348684210526315,
          "mean_tokens": 18.595394736842106,
          "mean_entropy_at_halt": 3.0838266022895513,
          "mean_halt_conf_at_stop": 0.6951867363562709,
          "mean_final_entropy": 3.0451433023339822,
          "entropy_variance_last5": 0.016305015275653117
        }
      }
    }
  },
  "training_history": [],
  "config": {
    "epochs": 40,
    "lr": 0.001,
    "batch_size": 32,
    "train_n": 8000,
    "val_n": 1000,
    "test_n": 1000,
    "model": "PNA_SSM_RIM",
    "constraint_annealing": "warmup=10, ramp=20"
  }
}