{
  "C": {
    "n_examples": 791,
    "probe_accuracy": 0.9987357774968394,
    "entropy_method": "energy",
    "correlations": {
      "state_halt": {
        "mean_r": -0.28961540014027126,
        "std_r": 0.1498357422461643,
        "median_r": -0.28081184409643084,
        "fraction_negative": 0.9860935524652339,
        "fraction_significant": 0.4664981036662453,
        "n_valid": 791
      },
      "state_answer": {
        "mean_r": -0.007462447380271144,
        "std_r": 0.11276365657581607,
        "median_r": 0.015421095536233494,
        "fraction_negative": 0.4424778761061947,
        "fraction_significant": 0.022756005056890013,
        "n_valid": 791
      },
      "answer_halt": {
        "mean_r": 0.2924852868483102,
        "std_r": 0.2081816650137966,
        "median_r": 0.26104909741436283,
        "fraction_negative": 0.04424778761061947,
        "fraction_significant": 0.41466498103666244,
        "n_valid": 791
      }
    },
    "timing": {
      "mean_lag": 0.0,
      "median_lag": 0.0,
      "std_lag": 0.0
    },
    "mean_state_entropy_trajectory": [
      3.2675137519836426,
      3.2621681690216064,
      3.594997110318595,
      3.343539007695677,
      3.3692067377787325,
      3.5695494080313237,
      3.553963811298086,
      3.5701048919735605,
      3.584693282654252,
      3.6337697530064057,
      3.59380742873615,
      3.5864218927062717,
      3.634733939376963,
      3.6418029382524297,
      3.6434421243433657,
      3.626510106123887,
      3.658631587339034,
      3.6295895087857577,
      3.58877318449063,
      3.6034427307443675,
      3.6125485723754043,
      3.6241821699386025,
      3.617669035268907,
      3.63605504138999,
      3.6665656145054606,
      3.6228994934404293,
      3.6233535253798586,
      3.631356945873177,
      3.612198449689396,
      3.630991811009799,
      3.674637802035849,
      3.665593495334152,
      3.6090124697580825,
      3.625472711794304,
      3.602591295434971,
      3.6108773220267762,
      3.6580995212901724,
      3.6891254487663807,
      3.685292948777427,
      3.604972059879239,
      3.587998697234363,
      3.594308019265896,
      3.6403254450821296,
      3.6635160481057514,
      3.6921453603884067,
      3.666968394488823,
      3.51013985959495,
      3.5293254245411267,
      3.6204653284766457,
      3.6548497850244694,
      3.6796210787513037,
      3.6940582340413872,
      3.607863094589927,
      3.439781058918346
    ]
  },
  "D": {
    "n_examples": 791,
    "probe_accuracy": 0.9949431099873578,
    "entropy_method": "energy",
    "correlations": {
      "state_halt": {
        "mean_r": -0.7253672967235875,
        "std_r": 0.05001887670369343,
        "median_r": -0.7313691209509464,
        "fraction_negative": 1.0,
        "fraction_significant": 1.0,
        "n_valid": 791
      },
      "state_answer": {
        "mean_r": 0.42806597502526933,
        "std_r": 0.25632625039974904,
        "median_r": 0.4931890148183685,
        "fraction_negative": 0.09102402022756005,
        "fraction_significant": 0.8811630847029077,
        "n_valid": 791
      },
      "answer_halt": {
        "mean_r": -0.6705870717158944,
        "std_r": 0.3028020443233242,
        "median_r": -0.7688069821589816,
        "fraction_negative": 0.9216182048040455,
        "fraction_significant": 0.9140328697850821,
        "n_valid": 791
      }
    },
    "timing": {
      "mean_lag": -1.4487989886219974,
      "median_lag": -1.0,
      "std_lag": 0.5504582151016861
    },
    "mean_state_entropy_trajectory": [
      3.537609577178955,
      3.3855233192443848,
      3.424566294842514,
      3.4430185753838,
      3.4606005156838937,
      3.4727689300566045,
      3.4914502681582675,
      3.5140860216355354,
      3.536262831103184,
      3.491706423150604,
      3.495014377249176,
      3.5283150464936845,
      3.595912407042314,
      3.5937023234985745,
      3.603617942694462,
      3.6196877409369397,
      3.510780941387679,
      3.465075392709222,
      3.4937579731294544,
      3.652042149560625,
      3.648663600910389,
      3.6527981219450947,
      3.6702206125428027,
      3.5320901224327463,
      3.5210241615655145,
      3.5462495460959924,
      3.6578729930005225,
      3.6677716103203397,
      3.6627691250357897,
      3.6612410266904067,
      3.476249498172398,
      3.477434017362386,
      3.496352920857079,
      3.683779877845687,
      3.6712108974906332,
      3.6490292814042835,
      3.6550244153147995,
      3.482938351454558,
      3.469180216291537,
      3.4955909781985812,
      3.7084543181628717,
      3.6705913369248555,
      3.6542563380264657,
      3.689471906568946,
      3.4030001593799124,
      3.3491056174766727,
      3.4468959087278783,
      3.7031208580190484,
      3.6844926769083197,
      3.6837479396299884,
      3.719789884307168,
      3.0956220626831055,
      3.0904664104635065,
      3.0979610378091986
    ]
  },
  "E_ssm": {
    "n_examples": 791,
    "probe_accuracy": 0.9974715549936789,
    "entropy_method": "energy",
    "correlations": {
      "state_halt": {
        "mean_r": -0.835952446640433,
        "std_r": 0.05809939258001289,
        "median_r": -0.8427140001013727,
        "fraction_negative": 1.0,
        "fraction_significant": 1.0,
        "n_valid": 791
      },
      "state_answer": {
        "mean_r": 0.4476262345961922,
        "std_r": 0.20404239767304802,
        "median_r": 0.42974373346983297,
        "fraction_negative": 0.01390644753476612,
        "fraction_significant": 0.7560050568900126,
        "n_valid": 791
      },
      "answer_halt": {
        "mean_r": -0.7192661609541511,
        "std_r": 0.2342603281848967,
        "median_r": -0.779470707848784,
        "fraction_negative": 0.9785082174462706,
        "fraction_significant": 0.9279393173198482,
        "n_valid": 791
      }
    },
    "timing": {
      "mean_lag": -2.031605562579014,
      "median_lag": -2.0,
      "std_lag": 0.9286899687585324
    },
    "mean_state_entropy_trajectory": [
      3.5674614906311035,
      3.5882482528686523,
      3.6032577866097317,
      3.5762722748420033,
      3.5709489214736805,
      3.5843211612870207,
      3.571352443261032,
      3.571514096181703,
      3.573943450086186,
      3.5218847295276436,
      3.5269859244036765,
      3.556978196169423,
      3.5841867023654905,
      3.588589999792555,
      3.5951941209438045,
      3.5930219109440262,
      3.5140580568575825,
      3.513009320164836,
      3.5347417577012994,
      3.6035942174128324,
      3.601107483528452,
      3.594107262512087,
      3.596734774370325,
      3.52588336875256,
      3.5173186778085404,
      3.549239480425192,
      3.6038460319639705,
      3.593901302402617,
      3.590074600094426,
      3.59034703015701,
      3.492672441069517,
      3.4869755010535246,
      3.5307341120828966,
      3.6017039351993136,
      3.5938095861813837,
      3.58935661187477,
      3.594700049069594,
      3.4819181936758534,
      3.48434104582276,
      3.5224304030639955,
      3.6020263730025874,
      3.584003997430569,
      3.576608084469307,
      3.588177016886269,
      3.43783363132942,
      3.4245018110042666,
      3.4842560349441154,
      3.6012429909272625,
      3.572016850384799,
      3.5751780813390557,
      3.6133378852497446,
      3.24976045218381,
      3.2241714715957643,
      3.3793775276704268
    ]
  }
}