{
  "B": {
    "0.1": {
      "loss_variance": 0.0005295394659783841,
      "grad_norm_variance": 0.0043134130493680265,
      "final_loss": 0.38354177415370944
    },
    "0.2": {
      "loss_variance": 0.00045055842976799267,
      "grad_norm_variance": 0.003316372896799386,
      "final_loss": 0.48843267291784287
    },
    "0.3": {
      "loss_variance": 0.0005701112353102289,
      "grad_norm_variance": 0.0030926177656315007,
      "final_loss": 0.5956646263599396
    },
    "0.4": {
      "loss_variance": 0.0008145820687521345,
      "grad_norm_variance": 0.002789809688902552,
      "final_loss": 0.7067849081754685
    },
    "0.5": {
      "loss_variance": 0.001125188897441721,
      "grad_norm_variance": 0.0029896450623661886,
      "final_loss": 0.8134980362653732
    }
  },
  "D": {
    "0.1": {
      "loss_variance": 0.00016251662390864494,
      "grad_norm_variance": 0.005998335840740895,
      "final_loss": 0.4094816842675209
    },
    "0.2": {
      "loss_variance": 0.00027166837214167005,
      "grad_norm_variance": 0.006641423697767518,
      "final_loss": 0.5107921087741851
    },
    "0.3": {
      "loss_variance": 0.0005436307279894948,
      "grad_norm_variance": 0.006559100305043016,
      "final_loss": 0.627346682548523
    },
    "0.4": {
      "loss_variance": 0.0013511866995875239,
      "grad_norm_variance": 0.00472022521251042,
      "final_loss": 0.758745346069336
    },
    "0.5": {
      "loss_variance": 0.002481175093477509,
      "grad_norm_variance": 0.0047792857134487995,
      "final_loss": 0.8563654589653015
    }
  }
}